{
  "aoirect": {
    "height": 0,
    "width": 0,
    "x": 0.5,
    "y": 0.5
  },
  "croprect": {
    "height": 0.603002,
    "width": 1,
    "x": 0,
    "y": 0.198499
  },
  "layouthint": 0,
  "pixelheight": 2448,
  "pixelwidth": 3264,
  "targetrect": {
    "height": 0.379726,
    "width": 0.419817,
    "x": 0.540091,
    "y": 0.0801825
  },
  "uniqueId": "2017_07_22_IMG_1161.JPG"
}
